Keyword,Volume,Keyword Difficulty,CPC (USD),ROI
svg converter,27100,75,0.74,267.39
adobe express svg converter,2900,33,2.81,246.94
convert svg to jpg,4400,30,1.49,218.53
png to svg converter,12100,52,0.75,174.52
jpg to svg converter,6600,58,1.18,134.28
jpeg to svg converter,2900,34,1.18,100.65
convert pdf to svg,2900,36,1.13,91.03
convert png to svg,8100,69,0.72,84.52
convert svg to png,6600,50,0.51,67.32
convert jpg to svg,2900,57,1.24,63.09
svg to png converter,2900,51,1.09,61.98
convert to svg,5400,63,0.68,58.29
convert svg to pdf,1900,37,1.03,52.89
free svg converter,5400,61,0.59,52.23
dxf to svg converter,170,6,1.83,51.85
svg to pdf converter,1300,26,1.03,51.5
convert svg to dwg,260,14,2.54,47.17
adobe svg converter,590,38,2.66,41.3
convert image to svg,2400,58,0.97,40.14
convert stl to svg,260,7,1.02,37.89
convert dxf to svg,210,8,1.41,37.01
convert svg to stl,390,19,1.78,36.54
convert eps to svg,720,26,1.27,35.17
convert dwg to svg,260,15,1.97,34.15
pdf to svg converter,1300,40,0.99,32.17
svg to dwg converter,210,17,2.54,31.38
adobe express png to svg converter,320,30,2.91,31.04
svg converter free,3600,64,0.54,30.38
convert svg to ai,320,48,4.27,28.47
convert svg in png,3600,53,0.4,27.17
convert jpeg to svg,1000,47,1.24,26.38
adobe express convert png to svg,390,52,3.51,26.32
convert svg into png,1600,54,0.86,25.48
convert svg to dxf,390,22,1.41,25
convert svg jpg,480,30,1.49,23.84
how to convert png to svg,1300,53,0.95,23.3
svg to dxf converter,480,19,0.91,22.99
convert svg into pdf,720,33,1.04,22.69
converter svg to ico,170,9,1.19,22.48
convert svg to eps,260,23,1.87,21.14
svg to stl converter,390,24,1.3,21.13
convert svg file to png,1300,43,0.68,20.56
svg to jpg converter,590,33,1.15,20.56
svg to stl converter free,110,13,2.25,19.04
png svg converter,1600,64,0.75,18.75
convert a jpg to svg,1300,50,0.65,16.9
convert picture to svg,1600,63,0.63,16
eps to svg converter,320,26,1.3,16
adobe express convert to svg,170,30,2.79,15.81
picture to svg converter,1300,52,0.63,15.75
image to svg converter,1300,51,0.59,15.04
png convert to svg,1300,66,0.75,14.77
convertir en svg,1900,58,0.44,14.41
adobe convert to svg,90,43,6.82,14.27
convert svg to stl files,140,17,1.66,13.67
convert svg to ico,320,28,1.19,13.6
convert ai to svg,590,61,1.38,13.35
jpeg to svg convert,590,30,0.67,13.18
photo to svg converter,1000,57,0.74,12.98
inkscape svg converter,210,14,0.85,12.75
svg file converter,880,65,0.91,12.32
png to svg converter free,1300,66,0.58,11.42
svg to eps converter,110,19,1.97,11.41
svg free converter,1300,68,0.59,11.28
how to convert pdf to svg,260,30,1.27,11.01
ai to svg converter,480,61,1.38,10.86
adobe express free svg converter,260,28,1.15,10.68
svg to image converter,590,57,1,10.35
convert an svg to png,1000,50,0.51,10.2
how to convert a png to svg,720,53,0.73,9.92
convert .pdf to .svg,390,40,1.01,9.85
convert image into svg,1000,65,0.63,9.69
how to convert jpg to svg,480,56,1.13,9.69
convert cdr to svg,110,13,1.1,9.31
adobe express convert jpg to svg,320,47,1.36,9.26
how to convert svg to png,590,35,0.51,8.6
convert .ai to svg,390,64,1.38,8.41
svg convert,720,64,0.74,8.32
png to svg convert,480,67,1.16,8.31
how to convert a png to a svg,590,53,0.73,8.13
how to convert a pdf to svg,170,28,1.27,7.71
pic to svg converter,720,64,0.63,7.09
image converter to svg,720,66,0.63,6.87
img to svg converter,480,52,0.74,6.83
png convert svg,590,65,0.75,6.81
convert a png to svg,480,51,0.72,6.78
jpg to svg converter free,320,45,0.95,6.76
convert pdf to svg free,260,39,1.01,6.73
how to convert image to svg,320,55,1.15,6.69
how to convert svg to jpg,170,29,1.13,6.62
adobe express jpg to svg converter,210,35,1.1,6.6
converting pdf to svg,260,40,1.01,6.57
best png to svg converter,170,29,1.12,6.57
convert png to svg free,720,66,0.6,6.55
svg to ai converter,140,42,1.96,6.53
convert svg,590,69,0.74,6.33
convert .svg to .png,590,50,0.51,6.02
convert from png to svg,480,58,0.72,5.96
svg to jpeg converter,110,27,1.46,5.95
svg to png convert,210,39,1.09,5.87